list1_1,list1_2,list1_3,list1_4,list1_5,list2_1,list2_2,list2_3,list2_4,list2_5,list3_1,list3_2,list3_3,list4_1,list4_2,list4_3,list4_4,list5,list6
2.5991971361928874,3.1415914067375783,2.2504461256294137,0.785398163397196,7.8643884389831324,2.599197136192046,3.1415909085950204,2.2504461256287343,0.7853981633969671,7.864388438983104,"(1, 2, 3)",2011,-0.5,-1.0,-1.0,-1.0,-1.0,"[3, 3, 3]","[1, 2, 2]"
0.9173223717648865,1.7628886065846283,1.9901062367616242,0.7365726758865989,12.90460867558441,0.9173223716273484,1.7628886071689736,1.990106234974156,0.73657267596661,12.90460867568258,"(3, 1, 2)",3330,-0.4999999999999998,1.0388614541520942,2.4812001619293227,0.44462794001924466,0.5512433765329944,"[3, 3]","[1, 2]"
1.1809478178147073,0.6081573455360492,2.8700988651635493,1.986996412216028,18.076026019435247,1.1809478178147308,0.6081573455363247,2.8700988651635027,1.9869964122161354,18.076026019435357,"(3, 1, 2)",4601,-0.5,0.9362772520737356,1.2621815873203504,2.5524776046995683,1.1886208624808587,"[3, 3, 1]","[2, 1, 3]"
1.9780785283942117,3.1399165210181796,2.592067160832537,0.7853949032319185,16.520688723086355,1.9780789437010033,3.141540841849337,2.592067192896998,0.7853981602782802,16.520688661855637,"(3, 2, 1)",4207,-0.4999999999999999,1.2938071825453454,3.1352283980692537,2.612624544663365,0.978714300292631,"[3, 3, 3, 2, 3, 2, 2]","[1, 2, 1, 3, 2, 1, 3]"
